RegionID,SizeRank,CityName,StateName,abb_StateName,Average Affordability,Population,Minimum Wage,Renter Income
394388,51,Birmingham,Alabama,AL,0.2289713855,,7.25,54693.11917
394698,114,Huntsville,Alabama,AL,0.1914656338,,7.25,56110.70828
394870,127,Mobile,Alabama,AL,0.262288527,,7.25,49994.72113
394875,143,Montgomery,Alabama,AL,0.2413376467,,7.25,52218.26653
395171,188,Tuscaloosa,Alabama,AL,0.2941645528,,7.25,58526.56337
394519,203,Daphne,Alabama,AL,0.2615486256,,7.25,65939.37065
394351,253,Auburn,Alabama,AL,0.3401173909,,7.25,67771.4814
394523,276,Decatur,Alabama,AL,0.1917953204,,7.25,49806.49259
394598,292,Florence,Alabama,AL,0.2003042893,,7.25,43038.56427
394537,293,Dothan,Alabama,AL,0.2449051851,,7.25,48906.98374
394333,357,Anniston,Alabama,AL,0.2203712355,,7.25,38016.81114
394620,383,Gadsden,Alabama,AL,0.2493574294,,7.25,44685.73361
394327,139,Anchorage,Alaska,AK,0.2096440252,,11.73,67693.42993
394580,407,Fairbanks,Alaska,AK,0.2234879473,,11.73,66802.81961
394976,11,Phoenix,Arizona,AZ,0.2441269063,,14.35,71980.42607
395167,54,Tucson,Arizona,AZ,0.2525878359,,14.35,61165.84357
845160,198,Prescott Valley,Arizona,AZ,0.3140844327,,14.35,73183.47613
394765,218,Lake Havasu City,Arizona,AZ,0.3157970623,,14.35,60880.81405
395247,225,Yuma,Arizona,AZ,0.2528527487,,14.35,55426.55482
394595,302,Flagstaff,Arizona,AZ,0.3530499138,,14.35,87935.86263
395098,335,Sierra Vista,Arizona,AZ,0.3056349077,,14.35,52352.24495
394798,81,Little Rock,Arkansas,AR,0.2117675531,,11,48306.64639
394590,108,Fayetteville,Arkansas,AR,0.2286109199,,11,60657.25008
394609,196,Fort Smith,Arkansas,AR,0.2048128364,,11,41207.08225
394728,323,Jonesboro,Arkansas,AR,0.242798579,,11,48242.65567
394689,392,Hot Springs,Arkansas,AR,0.2674739363,,11,47214.26454
753899,2,Los Angeles,California,CA,0.3620986885,,16,115305.8432
395057,12,San Francisco,California,CA,0.272975186,,16,119770.3127
395025,13,Riverside,California,CA,0.3234584618,,16,98869.84271
395056,17,San Diego,California,CA,0.3318173004,,16,119601.374
395045,26,Sacramento,California,CA,0.2723737143,,16,89957.05918
395059,36,San Jose,California,CA,0.2582121023,,16,136343.0021
394619,57,Fresno,California,CA,0.3227882288,,16,79446.82229
394357,63,Bakersfield,California,CA,0.2939643724,,16,70717.89487
394952,71,Oxnard,California,CA,0.3190216191,,16,118981.1546
395134,77,Stockton,California,CA,0.3208357197,,16,96294.79455
394871,103,Modesto,California,CA,0.2761338016,,16,79592.38208
395068,112,Santa Rosa,California,CA,0.3005133196,,16,104188.5631
395195,119,Visalia,California,CA,0.2646231042,,16,68940.09095
395183,123,Vallejo,California,CA,0.2798378616,,16,97587.1113
753917,124,Santa Maria,California,CA,0.3986954189,,16,125145.1417
395050,125,Salinas,California,CA,0.3516691795,,16,105219.9859
395061,175,San Luis Obispo,California,CA,0.3414440634,,16,107026.6289
394851,177,Merced,California,CA,0.3961148465,,16,76476.24905
395065,183,Santa Cruz,California,CA,0.3846254064,,16,141597.3521
394464,215,Chico,California,CA,0.2865659214,,16,61085.90755
395018,240,Redding,California,CA,0.2251901407,,16,60557.21731
394559,245,El Centro,California,CA,0.3017781126,,16,63526.50799
395246,247,Yuba City,California,CA,0.2913877738,,16,80044.3838
394814,275,Madera,California,CA,0.3459009086,,16,78307.76873
394662,290,Hanford,California,CA,0.3240796285,,16,74241.10507
394900,312,Napa,California,CA,0.3248653215,,16,117267.0913
394530,19,Denver,Colorado,CO,0.2258653297,,14.42,80340.17429
394484,80,Colorado Springs,Colorado,CO,0.2328533995,,14.42,72559.12296
394602,152,Fort Collins,Colorado,CO,0.2542919045,,14.42,76951.04486
394405,156,Boulder,Colorado,CO,0.2842462259,,14.42,92181.53949
394645,161,Greeley,Colorado,CO,0.2349306195,,14.42,72736.31567
395007,264,Pueblo,Colorado,CO,0.2389091823,,14.42,54279.60668
394639,280,Grand Junction,Colorado,CO,0.2938682185,,14.42,63792.50486
394669,49,Hartford,Connecticut,CT,0.2348523946,,15.69,74875.35051
394415,60,Bridgeport,Connecticut,CT,0.2860546687,,15.69,109508.9981
394908,68,New Haven,Connecticut,CT,0.2899465871,,15.69,79175.54591
394924,185,Norwich,Connecticut,CT,0.2578369078,,15.69,72841.82415
395051,134,Salisbury,Delaware,DE,0.2963738549,,13.25,72687.37709
394539,244,Dover,Delaware,DE,0.2713132191,,13.25,67372.48906
394856,8,Miami,Florida,FL,0.4003919702,,12,106329.3107
395148,18,Tampa,Florida,FL,0.3220479501,,12,81001.12067
394943,22,Orlando,Florida,FL,0.2956400013,,12,79765.97928
394714,40,Jacksonville,Florida,FL,0.2594822325,,12,68149.3457
753906,73,North Port,Florida,FL,0.3256041354,,12,88176.20601
394440,78,Cape Coral,Florida,FL,0.3307510451,,12,80338.80356
394766,82,Lakeland,Florida,FL,0.3222364469,,12,75004.52131
394528,90,Deltona,Florida,FL,0.3189198733,,12,73394.75508
394957,97,Palm Bay,Florida,FL,0.281911793,,12,76868.513
394971,111,Pensacola,Florida,FL,0.2537516711,,12,69731.30467
394995,115,Port St. Lucie,Florida,FL,0.3995287234,,12,92746.00797
395146,145,Tallahassee,Florida,FL,0.2652842601,,12,58490.87295
394901,147,Naples,Florida,FL,0.3512402119,,12,110926.3766
394927,149,Ocala,Florida,FL,0.3199303225,,12,64197.41358
394622,155,Gainesville,Florida,FL,0.3176453904,,12,64331.8571
753875,176,Crestview,Florida,FL,0.274162621,,12,78284.7382
395009,237,Punta Gorda,Florida,FL,0.3145413072,,12,78974.24465
394960,242,Panama City,Florida,FL,0.3012003852,,12,73088.06384
395079,274,Sebastian,Florida,FL,0.3403845052,,12,86585.73697
394685,289,Homosassa Springs,Florida,FL,0.3619476054,,12,66759.86811
395153,329,The Villages,Florida,FL,0.2723806438,,12,68937.99498
395080,390,Sebring,Florida,FL,0.3484159396,,12,60388.73178
394347,9,Atlanta,Georgia,GA,0.2462760806,,5.15,73657.28086
394352,96,Augusta,Georgia,GA,0.2381542623,,5.15,55288.83122
395070,138,Savannah,Georgia,GA,0.277199827,,5.15,72598.58066
394488,158,Columbus,Georgia,GA,0.2743381369,,5.15,50959.56406
394813,200,Macon,Georgia,GA,0.23327903,,5.15,48074.86794
394346,217,Athens,Georgia,GA,0.2838777376,,5.15,66127.852
394623,226,Gainesville,Georgia,GA,0.2530546403,,5.15,68403.20004
395202,234,Warner Robins,Georgia,GA,0.2389497681,,5.15,62422.19213
394306,295,Albany,Georgia,GA,0.2432475056,,5.15,44604.50548
395182,300,Valdosta,Georgia,GA,0.2713897136,,5.15,52143.30454
394515,305,Dalton,Georgia,GA,0.2485068938,,5.15,55845.42515
394423,360,Brunswick,Georgia,GA,0.2660323086,,5.15,64873.63584
395038,401,Rome,Georgia,GA,0.2313244688,,5.15,49380.79157
394682,449,Hinesville,Georgia,GA,0.3112741543,,5.15,65072.40476
753924,55,Urban Honolulu,Hawaii,HI,0.3048065498,,14,109075.3469
394731,267,Kahului,Hawaii,HI,0.4784395567,,14,137807.7719
394399,79,Boise City,Idaho,ID,0.2467147867,,7.25,69894.57389
394480,262,Coeur d'Alene,Idaho,ID,0.2859637562,,7.25,71386.77285
394703,279,Idaho Falls,Idaho,ID,0.2130692198,,7.25,54803.27241
395173,361,Twin Falls,Idaho,ID,0.2603448668,,7.25,59379.48373
394988,412,Pocatello,Idaho,ID,0.1770299951,,7.25,42054.31896
394463,3,Chicago,Illinois,IL,0.2693002071,,14,81073.30826
394972,136,Peoria,Illinois,IL,0.1849178367,,14,43385.98832
394520,144,Davenport,Illinois,IL,0.1662231096,,14,41084.30998
395033,153,Rockford,Illinois,IL,0.2039242368,,14,47356.76948
394454,209,Champaign,Illinois,IL,0.2217071276,,14,47115.86073
395114,220,Springfield,Illinois,IL,0.1792030276,,14,43986.56542
753869,255,Bloomington,Illinois,IL,0.197361296,,14,53027.08261
394442,321,Carbondale,Illinois,IL,0.1644501482,,14,29559.45539
394734,370,Kankakee,Illinois,IL,0.2203738421,,14,49703.73212
394524,378,Decatur,Illinois,IL,0.1954755054,,14,39749.03355
394516,472,Danville,Illinois,IL,0.2078085028,,14,32294.57552
394705,34,Indianapolis,Indiana,IN,0.2172623083,,7.25,58538.00476
394612,132,Fort Wayne,Indiana,IN,0.2044750938,,7.25,46280.03707
395107,159,South Bend,Indiana,IN,0.2337141709,,7.25,53417.13537
394579,165,Evansville,Indiana,IN,0.186733653,,7.25,41839.49918
753895,208,Lafayette,Indiana,IN,0.2562305843,,7.25,54682.95101
394565,223,Elkhart,Indiana,IN,0.1646756015,,7.25,38443.76828
395151,235,Terre Haute,Indiana,IN,0.2143116069,,7.25,37159.04191
394393,270,Bloomington,Indiana,IN,0.3054100059,,7.25,61146.06269
394893,364,Muncie,Indiana,IN,0.1791705793,,7.25,33994.39039
394857,365,Michigan City,Indiana,IN,0.2324294604,,7.25,49206.39111
394755,438,Kokomo,Indiana,IN,0.1903471986,,7.25,40520.44998
394489,445,Columbus,Indiana,IN,0.188534055,,7.25,54312.33234
394531,84,Des Moines,Iowa,IA,0.1813559241,,7.25,50964.6698
394447,179,Cedar Rapids,Iowa,IA,0.1655572393,,7.25,41070.5545
394707,252,Iowa City,Iowa,IA,0.211119473,,7.25,51356.69326
395210,261,Waterloo,Iowa,IA,0.174396151,,7.25,36465.75771
395102,297,Sioux City,Iowa,IA,0.1791257275,,7.25,43113.75898
394325,336,Ames,Iowa,IA,0.1655230027,,7.25,40650.10955
394542,396,Dubuque,Iowa,IA,0.1583117413,,7.25,37916.37939
395224,94,Wichita,Kansas,KS,0.1911855954,,7.25,44190.4152
395161,199,Topeka,Kansas,KS,0.209534313,,7.25,47021.04574
394821,320,Manhattan,Kansas,KS,0.2088729454,,7.25,45240.50202
394778,349,Lawrence,Kansas,KS,0.215314731,,7.25,49692.59096
394807,46,Louisville,Kentucky,KY,0.2230219899,,7.25,52892.36309
394792,110,Lexington,Kentucky,KY,0.2350099327,,7.25,56762.15102
394406,248,Bowling Green,Kentucky,KY,0.2577299735,,7.25,53416.27805
394563,281,Elizabethtown,Kentucky,KY,0.2388548716,,7.25,53079.63842
394949,346,Owensboro,Kentucky,KY,0.2126447022,,7.25,44379.95796
394953,399,Paducah,Kentucky,KY,0.2398526271,,7.25,51124.63959
394910,47,New Orleans,Louisiana,LA,0.3055534802,,7.25,64651.50605
394367,66,Baton Rouge,Louisiana,LA,0.2428163302,,7.25,54142.61354
394761,116,Lafayette,Louisiana,LA,0.2654143323,,7.25,52660.40282
395096,141,Shreveport,Louisiana,LA,0.2696562435,,7.25,51539.84416
394763,213,Lake Charles,Louisiana,LA,0.182927944,,7.25,41138.48825
394691,221,Houma,Louisiana,LA,0.2435614463,,7.25,49955.67171
394872,222,Monroe,Louisiana,LA,0.2161745822,,7.25,37890.37405
394314,286,Alexandria,Louisiana,LA,0.210126399,,7.25,37348.96987
394661,325,Hammond,Louisiana,LA,0.2784187332,,7.25,51641.05233
394997,105,Portland,Maine,ME,0.2845315135,,14.15,91023.82637
394359,288,Bangor,Maine,ME,0.2596311814,,14.15,59728.28837
394788,367,Lewiston,Maine,ME,0.2811843508,,14.15,60085.96881
394358,20,Baltimore,Maryland,MD,0.2315296088,,15,75242.00836
394660,170,Hagerstown,Maryland,MD,0.2314970611,,15,60570.72578
753872,361,California,Maryland,MD,0.2083494354,,15,70396.96574
394513,409,Cumberland,Maryland,MD,0.1773854714,,15,35187.37007
394404,10,Boston,Massachusetts,MA,0.3097990955,,15,118138.9518
395238,58,Worcester,Massachusetts,MA,0.2484463824,,15,80877.02659
395115,85,Springfield,Massachusetts,MA,0.3045520745,,15,70051.60578
394361,202,Barnstable Town,Massachusetts,MA,0.3266920576,,15,99716.35174
394983,326,Pittsfield,Massachusetts,MA,0.2316895787,,15,63081.12485
394532,14,Detroit,Michigan,MI,0.2361173778,,10.33,58648.7517
394640,53,Grand Rapids,Michigan,MI,0.2326732925,,10.33,62024.21334
394770,107,Lansing,Michigan,MI,0.2216529823,,10.33,53678.5691
394596,135,Flint,Michigan,MI,0.2028963384,,10.33,42227.2281
394332,148,Ann Arbor,Michigan,MI,0.2874585075,,10.33,82885.28652
394732,190,Kalamazoo,Michigan,MI,0.215142901,,10.33,49131.16011
395047,233,Saginaw,Michigan,MI,0.190578359,,10.33,39572.22753
394896,250,Muskegon,Michigan,MI,0.2217158206,,10.33,46958.89931
394710,272,Jackson,Michigan,MI,0.1739580118,,10.33,37908.79289
394917,282,Niles,Michigan,MI,0.2913855533,,10.33,62371.59936
394873,283,Monroe,Michigan,MI,0.2098109889,,10.33,51479.36344
395163,287,Traverse City,Michigan,MI,0.2992126184,,10.33,81913.333
394368,318,Battle Creek,Michigan,MI,0.2202796935,,10.33,42806.8173
394369,380,Bay City,Michigan,MI,0.2039589256,,10.33,41005.20358
394859,437,Midland,Michigan,MI,0.2258231382,,10.33,55725.41565
394865,16,Minneapolis,Minnesota,MN,0.199127456,,10.85,65201.58308
394543,171,Duluth,Minnesota,MN,0.2040212548,,10.85,49231.17733
395030,207,Rochester,Minnesota,MN,0.2170826124,,10.85,63100.24363
395118,230,St. Cloud,Minnesota,MN,0.1984452663,,10.85,50629.87072
394637,377,Grand Forks,Minnesota,MN,0.1675781896,,10.85,41368.63985
394823,386,Mankato,Minnesota,MN,0.1842551381,,10.85,42975.50025
394711,98,Jackson,Mississippi,MS,0.2827385059,,7.25,56719.74332
394658,133,Gulfport,Mississippi,MS,0.2569657274,,7.25,53142.64503
394671,255,Hattiesburg,Mississippi,MS,0.2719515581,,7.25,51111.08521
395121,21,St. Louis,Missouri,MO,0.2031170555,,12.3,54448.01246
394735,31,Kansas City,Missouri,MO,0.2117955301,,12.3,57997.15617
395116,118,Springfield,Missouri,MO,0.2187775247,,12.3,47472.54436
394485,219,Columbia,Missouri,MO,0.2052034288,,12.3,49285.05292
394729,243,Joplin,Missouri,MO,0.2307002087,,12.3,45585.6372
394723,291,Jefferson City,Missouri,MO,0.1409260868,,12.3,33261.96739
395120,343,St. Joseph,Missouri,MO,0.1627066457,,12.3,35304.55395
394441,405,Cape Girardeau,Missouri,MO,0.1586558848,,12.3,36237.43923
394386,239,Billings,Montana,MT,0.2279501943,,10.3,53469.12214
394867,354,Missoula,Montana,MT,0.2319603525,,10.3,58985.70912
394407,356,Bozeman,Montana,MT,0.279579839,,10.3,88858.99089
394644,433,Great Falls,Montana,MT,0.2103577718,,10.3,48935.90035
394675,441,Helena,Montana,MT,0.2343159871,,10.3,62450.10459
394938,59,Omaha,Nebraska,NE,0.1968166981,,12,54700.23097
394796,154,Lincoln,Nebraska,NE,0.2021725881,,12,49065.20043
394638,462,Grand Island,Nebraska,NE,0.2057515246,,12,50820.90102
394775,30,Las Vegas,Nevada,NV,0.2686326591,,12,70526.37662
395019,113,Reno,Nevada,NV,0.26078026,,12,75550.80998
394444,551,Carson City,Nevada,NV,0.3037562287,,12,78101.59339
394820,131,Manchester,New Hampshire,NH,0.2315825439,,7.25,83844.44054
395164,142,Trenton,New Jersey,NJ,0.300291126,,15.13,99519.60826
394348,180,Atlantic City,New Jersey,NJ,0.2644675754,,15.13,73193.27096
395193,278,Vineland,New Jersey,NJ,0.2889467385,,15.13,65247.00238
394928,410,Ocean City,New Jersey,NJ,,,15.13,
394312,62,Albuquerque,New Mexico,NM,0.2639718343,,12,61321.4899
394773,214,Las Cruces,New Mexico,NM,0.2812246029,,12,55447.99157
395066,284,Santa Fe,New Mexico,NM,0.2941095584,,12,80217.98481
394588,342,Farmington,New Mexico,NM,0.2288337856,,12,45519.70926
394913,1,New York,New York,NY,0.4111792646,,16,136051.9007
394425,50,Buffalo,New York,NY,0.2213669099,,16,53446.7171
395031,52,Rochester,New York,NY,0.2226651229,,16,56743.97533
394308,64,Albany,New York,NY,0.2170005479,,16,61704.12211
395143,91,Syracuse,New York,NY,0.2383951791,,16,61179.1612
395179,169,Utica,New York,NY,0.2693154385,,16,56468.44607
394387,195,Binghamton,New York,NY,0.2863631316,,16,63803.67832
394748,241,Kingston,New York,NY,0.2657777521,,16,79382.4329
394633,331,Glens Falls,New York,NY,0.2007046463,,16,51469.7183
395213,351,Watertown,New York,NY,0.2586816138,,16,54812.16508
394709,376,Ithaca,New York,NY,0.3664069857,,16,83361.2352
394568,432,Elmira,New York,NY,0.194221089,,16,39959.03392
394458,23,Charlotte,North Carolina,NC,0.2492136522,,7.25,70169.6949
395012,43,Raleigh,North Carolina,NC,0.2074646305,,7.25,69036.9727
394648,76,Greensboro,North Carolina,NC,0.2610063478,,7.25,56763.39408
395235,89,Winston,North Carolina,NC,0.277177486,,7.25,61439.52849
394549,95,Durham,North Carolina,NC,0.2310675916,,7.25,66486.10891
394589,109,Fayetteville,North Carolina,NC,0.2741777878,,7.25,58441.5474
394338,121,Asheville,North Carolina,NC,0.3107659572,,7.25,72623.42286
394679,150,Hickory,North Carolina,NC,0.2940546084,,7.25,58421.43479
395229,174,Wilmington,North Carolina,NC,0.2605572733,,7.25,69888.95689
394716,227,Jacksonville,North Carolina,NC,0.248204035,,7.25,58944.79899
394651,259,Greenville,North Carolina,NC,0.2829713346,,7.25,59618.00133
394428,260,Burlington,North Carolina,NC,0.2478897197,,7.25,56519.01476
395036,303,Rocky Mount,North Carolina,NC,0.2086995584,,7.25,44986.95035
394905,341,New Bern,North Carolina,NC,0.2719121931,,7.25,58568.64252
394635,350,Goldsboro,North Carolina,NC,0.2795911528,,7.25,53441.81951
753912,398,Pinehurst,North Carolina,NC,0.2784033983,,7.25,73848.52534
394585,194,Fargo,North Dakota,ND,0.1806676324,,7.25,44963.36678
394390,324,Bismarck,North Dakota,ND,0.1878878029,,7.25,54117.68153
394866,458,Minot,North Dakota,ND,0.1688207114,,7.25,40827.59441
394466,28,Cincinnati,Ohio,OH,0.2206727332,,10.45,59265.71362
394492,32,Columbus,Ohio,OH,0.225596741,,10.45,60033.64999
394475,35,Cleveland,Ohio,OH,0.233701735,,10.45,54629.59385
845158,74,Dayton,Ohio,OH,0.2269945755,,10.45,52290.15398
394304,83,Akron,Ohio,OH,0.2099448922,,10.45,50991.94474
395160,93,Toledo,Ohio,OH,0.2106703419,,10.45,46226.57516
395245,106,Youngstown,Ohio,OH,0.2220247668,,10.45,38354.18703
394439,137,Canton,Ohio,OH,0.195712238,,10.45,42631.4802
394697,151,Huntington,Ohio,OH,0.2037914905,,10.45,40747.1011
395221,309,Wheeling,Ohio,OH,0.1766472002,,10.45,35877.43997
395117,316,Springfield,Ohio,OH,0.205174911,,10.45,40244.08077
394824,337,Mansfield,Ohio,OH,0.1762531931,,10.45,34553.50405
395217,353,Weirton,Ohio,OH,0.17308701,,10.45,31626.80604
394794,387,Lima,Ohio,OH,0.1792618468,,10.45,42842.04958
395062,469,Sandusky,Ohio,OH,,,10.45,
394935,42,Oklahoma City,Oklahoma,OK,0.2203439674,,7.25,53080.85576
395169,56,Tulsa,Oklahoma,OK,0.2409920286,,7.25,54097.00335
394780,332,Lawton,Oklahoma,OK,0.2118366269,,7.25,41342.00802
394570,523,Enid,Oklahoma,OK,0.1848097264,,7.25,40227.55753
394998,25,Portland,Oregon,OR,0.2244974728,,15.95,73724.53852
395048,126,Salem,Oregon,OR,0.250384909,,15.95,64522.55057
394576,146,Eugene,Oregon,OR,0.2853493906,,15.95,70043.32452
394848,210,Medford,Oregon,OR,0.2849809626,,15.95,70525.33594
394380,232,Bend,Oregon,OR,0.2812885205,,15.95,90711.2524
394307,330,Albany,Oregon,OR,0.2619427984,,15.95,63658.36616
394505,411,Corvallis,Oregon,OR,0.2845691045,,15.95,72059.91322
394641,422,Grants Pass,Oregon,OR,0.299095965,,15.95,68223.84176
394974,7,Philadelphia,Pennsylvania,PA,0.2453872802,,7.25,73048.22003
394982,27,Pittsburgh,Pennsylvania,PA,0.2277238061,,7.25,56763.62163
394318,70,Allentown,Pennsylvania,PA,0.2498873781,,7.25,70103.23862
394666,99,Harrisburg,Pennsylvania,PA,0.2139252973,,7.25,56070.62059
395075,101,Scranton,Pennsylvania,PA,0.2528409332,,7.25,49709.71951
394768,104,Lancaster,Pennsylvania,PA,0.2108700695,,7.25,57050.4
395244,122,York,Pennsylvania,PA,0.1867633354,,7.25,52126.98784
395015,128,Reading,Pennsylvania,PA,0.2131772809,,7.25,55588.91259
394572,184,Erie,Pennsylvania,PA,0.1993062762,,7.25,41605.57875
394553,263,East Stroudsburg,Pennsylvania,PA,0.3106346622,,7.25,72556.98836
395125,273,State College,Pennsylvania,PA,0.2873391946,,7.25,67608.9632
394453,277,Chambersburg,Pennsylvania,PA,0.182066578,,7.25,47412.32049
394783,306,Lebanon,Pennsylvania,PA,0.1844848518,,7.25,50489.61751
394727,322,Johnstown,Pennsylvania,PA,0.1767705191,,7.25,33540.2947
394321,340,Altoona,Pennsylvania,PA,0.197008785,,7.25,35244.74748
395225,359,Williamsport,Pennsylvania,PA,0.1915982713,,7.25,40436.66693
394630,382,Gettysburg,Pennsylvania,PA,0.1884257136,,7.25,49089.87797
394395,439,Bloomsburg,Pennsylvania,PA,0.2018060564,,7.25,46184.57159
395005,39,Providence,Rhode Island,RI,0.2868236369,,14,82721.9174
394653,61,Greenville,South Carolina,SC,0.2575900854,,7.25,61406.10252
394486,72,Columbia,South Carolina,SC,0.2618251523,,7.25,60642.83404
394457,75,Charleston,South Carolina,SC,0.2694066553,,7.25,79853.47596
394898,117,Myrtle Beach,South Carolina,SC,0.2855365377,,7.25,69327.49288
395109,160,Spartanburg,South Carolina,SC,0.2695569109,,7.25,56650.23642
394681,216,Hilton Head Island,South Carolina,SC,0.3082469755,,7.25,84978.40356
394597,228,Florence,South Carolina,SC,0.3103674685,,7.25,52888.48043
395139,314,Sumter,South Carolina,SC,0.2910889766,,7.25,55634.86177
395103,182,Sioux Falls,South Dakota,SD,0.1966829346,,11.2,50463.82956
395013,313,Rapid City,South Dakota,SD,0.2053065352,,11.2,55237.5488
394902,37,Nashville,Tennessee,TN,0.2473723076,,7.25,72916.31662
394849,44,Memphis,Tennessee,TN,0.2630678964,,7.25,58019.13923
394753,65,Knoxville,Tennessee,TN,0.2852359742,,7.25,68475.81663
394460,102,Chattanooga,Tennessee,TN,0.2522504747,,7.25,59579.67107
394471,163,Clarksville,Tennessee,TN,0.2310663972,,7.25,54116.46306
394747,167,Kingsport,Tennessee,TN,0.2749298292,,7.25,51207.85593
394726,224,Johnson City,Tennessee,TN,0.2823442076,,7.25,54640.50283
394712,246,Jackson,Tennessee,TN,0.25488543,,7.25,52367.71169
394880,307,Morristown,Tennessee,TN,0.3061932865,,7.25,61176.44552
394474,334,Cleveland,Tennessee,TN,0.2710124604,,7.25,56333.31929
394514,4,Dallas,Texas,TX,0.2297201583,,7.25,68824.66033
394692,5,Houston,Texas,TX,0.2442441881,,7.25,66727.02045
395055,24,San Antonio,Texas,TX,0.2358671527,,7.25,59378.26275
394355,29,Austin,Texas,TX,0.2011493025,,7.25,68301.1151
394843,67,McAllen,Texas,TX,0.2442428856,,7.25,45964.14338
394561,69,El Paso,Texas,TX,0.2932998023,,7.25,60290.92089
394746,120,Killeen,Texas,TX,0.2152829129,,7.25,53550.96984
394502,129,Corpus Christi,Texas,TX,0.2574724973,,7.25,54959.48439
394421,130,Brownsville,Texas,TX,0.318773501,,7.25,57282.21196
394372,140,Beaumont,Texas,TX,0.2279942338,,7.25,48781.82874
394808,162,Lubbock,Texas,TX,0.2775961168,,7.25,53192.73379
394803,173,Longview,Texas,TX,0.2135410492,,7.25,46611.12446
395197,178,Waco,Texas,TX,0.2860460827,,7.25,61112.94773
394323,186,Amarillo,Texas,TX,0.2213468664,,7.25,48623.05886
394772,187,Laredo,Texas,TX,0.2427655039,,7.25,50763.70427
394483,189,College Station,Texas,TX,0.3143678898,,7.25,57751.07256
395174,201,Tyler,Texas,TX,0.2256352178,,7.25,56386.92524
394299,251,Abilene,Texas,TX,0.2595560225,,7.25,54488.29026
394860,254,Midland,Texas,TX,0.2061665118,,7.25,67234.24089
394930,271,Odessa,Texas,TX,0.2677242188,,7.25,61489.08738
395223,298,Wichita Falls,Texas,TX,0.2281785473,,7.25,50369.15319
395152,299,Texarkana,Texas,TX,0.2470463046,,7.25,42491.98401
395094,319,Sherman,Texas,TX,0.2596508244,,7.25,61538.72346
395054,344,San Angelo,Texas,TX,0.2803017431,,7.25,52717.29246
395190,400,Victoria,Texas,TX,0.2011052775,,7.25,48554.05133
394551,552,Eagle Pass,Texas,TX,0.3937545924,,7.25,64202.00743
395053,48,Salt Lake City,Utah,UT,0.2041704595,,7.25,66825.84439
394931,87,Ogden,Utah,UT,0.1887283353,,7.25,66388.91671
395006,92,Provo,Utah,UT,0.2062591855,,7.25,72385.28418
395119,249,St. George,Utah,UT,0.2647009165,,7.25,71863.85701
394800,301,Logan,Utah,UT,0.1912054585,,7.25,57155.62273
394429,206,Burlington,Vermont,VT,0.263016544,,13.67,87897.49376
395209,6,Washington,Virginia,VA,0.2284958611,,12,95885.7546
395194,38,Virginia Beach,Virginia,VA,0.2544023719,,12,69921.55442
395022,45,Richmond,Virginia,VA,0.2245397406,,12,65790.72941
395028,164,Roanoke,Virginia,VA,0.2404653228,,12,54556.96117
394811,191,Lynchburg,Virginia,VA,0.2227599448,,12,51688.46406
394459,212,Charlottesville,Virginia,VA,0.2430563692,,12,77932.20758
394392,265,Blacksburg,Virginia,VA,0.2910552469,,12,61994.85623
395232,308,Winchester,Virginia,VA,0.2552542994,,12,71753.08669
394668,317,Harrisonburg,Virginia,VA,0.2473520532,,12,65394.62754
395128,338,Staunton,Virginia,VA,0.2615542447,,12,57594.51706
395078,15,Seattle,Washington,WA,0.2303633578,,16.28,88198.58907
395113,100,Spokane,Washington,WA,0.2338389089,,16.28,59157.91641
394741,168,Kennewick,Washington,WA,0.2487886674,,16.28,70659.04639
394937,172,Olympia,Washington,WA,0.2536745059,,16.28,82268.6222
394412,181,Bremerton,Washington,WA,0.2275592075,,16.28,78909.60442
395240,193,Yakima,Washington,WA,0.2308152207,,16.28,56099.79042
394378,205,Bellingham,Washington,WA,0.3002520105,,16.28,76226.30039
394890,327,Mount Vernon,Washington,WA,0.2675102419,,16.28,87384.63387
395218,345,Wenatchee,Washington,WA,0.2873671418,,16.28,72177.52131
394804,368,Longview,Washington,WA,0.2162090303,,16.28,52076.37606
395199,525,Walla Walla,Washington,WA,0.21957835,,16.28,55895.96424
394455,192,Charleston,West Virginia,WV,0.2200288274,,8.75,41573.53519
394879,310,Morgantown,West Virginia,WV,0.2809719537,,8.75,56974.87687
394374,358,Beckley,West Virginia,WV,0.2111800437,,8.75,38849.69199
394964,419,Parkersburg,West Virginia,WV,0.1822086147,,8.75,33694.62211
394862,41,Milwaukee,Wisconsin,WI,0.211736437,,7.25,56426.47825
394816,88,Madison,Wisconsin,WI,0.2222226569,,7.25,62478.98879
394646,157,Green Bay,Wisconsin,WI,0.160248383,,7.25,42630.02781
394334,197,Appleton,Wisconsin,WI,0.1553529413,,7.25,45683.24227
395011,231,Racine,Wisconsin,WI,0.2044390969,,7.25,52073.32109
394944,257,Oshkosh,Wisconsin,WI,0.1867769513,,7.25,44950.80196
394555,258,Eau Claire,Wisconsin,WI,0.1565626483,,7.25,41199.18565
395215,266,Wausau,Wisconsin,WI,0.1421692098,,7.25,35977.07105
394720,268,Janesville,Wisconsin,WI,0.1751189134,,7.25,44929.69995
394756,311,La Crosse,Wisconsin,WI,0.1781193424,,7.25,43907.47834
395089,352,Sheboygan,Wisconsin,WI,0.1740740609,,7.25,44760.81241
394599,381,Fond du Lac,Wisconsin,WI,0.1641970063,,7.25,40088.84312
394462,391,Cheyenne,Wyoming,WY,0.19554116,,7.25,51006.58974
394445,454,Casper,Wyoming,WY,0.2198814871,,7.25,55528.40799