RegionID,SizeRank,CityName,StateName,abb_StateName,Average Affordability,Population,Minimum Wage,Renter Income,State income tax,State property tax,Median Income
394388,51,Birmingham,Alabama,AL,0.2278312076,196818,7.25,52619.50969,,0.0036,44376
394698,114,Huntsville,Alabama,AL,0.1955756618,226228,7.25,55365.67706,,0.0036,70778
394870,127,Mobile,Alabama,AL,0.2587133121,201920,7.25,47740.49434,,0.0036,51090
394875,143,Montgomery,Alabama,AL,0.2378276256,196107,7.25,49439.14181,,0.0036,55687
395171,188,Tuscaloosa,Alabama,AL,0.2857250772,113016,7.25,55426.6806,,0.0036,48536
394519,203,Daphne,Alabama,AL,0.2675923535,30391,7.25,65028.83131,,0.0036,86479
394351,253,Auburn,Alabama,AL,0.3245176327,82447,7.25,62293.66867,,0.0036,77760
394523,276,Decatur,Alabama,AL,0.1943700495,57776,7.25,47251.344,,0.0036,59831
394598,292,Florence,Alabama,AL,0.1968572529,42442,7.25,40426.70243,,0.0036,50396
394537,293,Dothan,Alabama,AL,0.2426074536,71317,7.25,46463.58399,,0.0036,55052
394333,357,Anniston,Alabama,AL,0.213341745,21182,7.25,36107.16999,,0.0036,44806
394620,383,Gadsden,Alabama,AL,,33197,7.25,,,0.0036,38699
394327,139,Anchorage,Alaska,AK,0.2064164939,287932,10.85,64782.73003,,0.0091,98152
394580,407,Fairbanks,Alaska,AK,0.2239117731,32007,10.85,64478.15857,,0.0091,72077
394976,11,Phoenix,Arizona,AZ,0.2508242241,1656231,13.85,71646.2705,,0.0044,77041
395167,54,Tucson,Arizona,AZ,0.25665728,549932,13.85,59675.4189,,0.0044,54546
845160,198,Prescott Valley,Arizona,AZ,0.3198163276,50156,13.85,71679.12281,,0.0044,69151
394765,218,Lake Havasu City,Arizona,AZ,0.314900202,58802,13.85,58730.75963,,0.0044,66264
395247,225,Yuma,Arizona,AZ,0.2578235427,101635,13.85,54039.67544,,0.0044,62546
394595,302,Flagstaff,Arizona,AZ,0.3588439512,76819,13.85,85807.71388,,0.0044,68041
395098,335,Sierra Vista,Arizona,AZ,0.2920729519,44575,13.85,50630.52582,,0.0044,69783
394798,81,Little Rock,Arkansas,AR,0.2090205138,204235,11,46143.59017,,0.0053,60583
394590,108,Fayetteville,Arkansas,AR,0.2259753461,101511,11,58525.51586,,0.0053,59074
394609,196,Fort Smith,Arkansas,AR,0.2018204685,89859,11,39428.44694,,0.0053,52692
394728,323,Jonesboro,Arkansas,AR,0.236965638,80976,11,46246.83436,,0.0053,52559
394689,392,Hot Springs,Arkansas,AR,0.2548975967,37906,11,44412.5649,,0.0053,46441
753899,2,Los Angeles,California,CA,0.3671763918,3847428,15.5,112543.974,,0.007,80366
395057,12,San Francisco,California,CA,0.2767569818,819151,15.5,117884.4808,,0.007,141446
395025,13,Riverside,California,CA,0.3283894869,321560,15.5,96142.27916,,0.007,88575
395056,17,San Diego,California,CA,0.3395727961,1394555,15.5,117339.9312,,0.007,104321
395045,26,Sacramento,California,CA,0.2756229248,529792,15.5,87262.3863,,0.007,83753
395059,36,San Jose,California,CA,0.2591314953,983734,15.5,132319.8115,,0.007,141565
394619,57,Fresno,California,CA,0.3235736326,547260,15.5,76731.91436,,0.007,66804
394357,63,Bakersfield,California,CA,0.2953706167,414626,15.5,67827.66355,,0.007,77397
394952,71,Oxnard,California,CA,0.318484372,199764,15.5,114300.0376,,0.007,93372
395134,77,Stockton,California,CA,0.3194362629,322581,15.5,93082.85885,,0.007,76851
394871,103,Modesto,California,CA,0.2770151864,219432,15.5,76412.90978,,0.007,77899
395068,112,Santa Rosa,California,CA,0.302835871,176440,15.5,101661.2926,,0.007,97410
395195,119,Visalia,California,CA,0.2709072214,145111,15.5,65961.82699,,0.007,79952
395183,123,Vallejo,California,CA,0.2844633463,123292,15.5,94826.25974,,0.007,89496
753917,124,Santa Maria,California,CA,0.4007922683,110641,15.5,121834.0918,,0.007,84617
395050,125,Salinas,California,CA,0.3435701438,160548,15.5,100821.5084,,0.007,89150
395061,175,San Luis Obispo,California,CA,0.3348625172,49110,15.5,101218.0196,,0.007,66711
394851,177,Merced,California,CA,0.3817176734,94190,15.5,73242.01165,,0.007,59938
395065,183,Santa Cruz,California,CA,0.3888062475,62857,15.5,136889.5837,,0.007,111427
394464,215,Chico,California,CA,0.2811357899,102146,15.5,59244.75505,,0.007,67929
395018,240,Redding,California,CA,0.2294106092,93013,15.5,58051.99934,,0.007,69443
394559,245,El Centro,California,CA,0.2930216046,44160,15.5,59495.57698,,0.007,56093
395246,247,Yuba City,California,CA,0.2975406323,69116,15.5,76660.47028,,0.007,72322
394814,275,Madera,California,CA,0.3379844443,68399,15.5,74979.71575,,0.007,63619
394662,290,Hanford,California,CA,0.3225327324,60006,15.5,71418.15506,,0.007,73544
394900,312,Napa,California,CA,0.329572817,77542,15.5,114996.7097,,0.007,102231
394530,19,Denver,Colorado,CO,0.2299716953,721367,13.65,78999.54828,,0.005,91681
394484,80,Colorado Springs,Colorado,CO,0.2376694464,491301,13.65,71129.13764,,0.005,83198
394602,152,Fort Collins,Colorado,CO,0.2525293313,170730,13.65,74233.2369,,0.005,83598
394405,156,Boulder,Colorado,CO,0.2798842186,106634,13.65,88969.04214,,0.005,85364
394645,161,Greeley,Colorado,CO,0.2327818375,112647,13.65,70647.35434,,0.005,68650
395007,264,Pueblo,Colorado,CO,0.2426519523,111295,13.65,52698.34917,,0.005,55305
394639,280,Grand Junction,Colorado,CO,0.2772832043,69448,13.65,59810.0595,,0.005,66676
394669,49,Hartford,Connecticut,CT,0.2276804877,121332,14,69962.92741,,0.0148,45300
394415,60,Bridgeport,Connecticut,CT,0.2799039374,149810,14,103624.2867,,0.0148,56584
394908,68,New Haven,Connecticut,CT,0.2736969555,136144,14,73648.86043,,0.0148,53771
394924,185,Norwich,Connecticut,CT,0.243343739,39908,14,67048.50598,,0.0148,64185
395051,134,Salisbury,Delaware,DE,0.2976823135,,11.75,69974.46072,,0.005,
394539,244,Dover,Delaware,DE,0.2657265611,40049,11.75,64580.78902,,0.005,58336
394856,8,Miami,Florida,FL,0.4102786374,470677,11,104288.7016,,0.0074,59390
395148,18,Tampa,Florida,FL,0.3289131801,409742,11,79749.00947,,0.0074,71302
394943,22,Orlando,Florida,FL,0.3068044523,327390,11,79109.44563,,0.0074,69268
394714,40,Jacksonville,Florida,FL,0.2629202038,993468,11,67521.78549,,0.0074,66981
753906,73,North Port,Florida,FL,0.3354170948,89452,11,88224.10126,,0.0074,81940
394440,78,Cape Coral,Florida,FL,0.3451115897,227022,11,82305.79406,,0.0074,76062
394766,82,Lakeland,Florida,FL,0.3318786696,123046,11,74004.71311,,0.0074,60947
394528,90,Deltona,Florida,FL,0.3230655436,99157,11,72339.54191,,0.0074,72967
394957,97,Palm Bay,Florida,FL,0.289481242,136084,11,75805.24758,,0.0074,67521
394971,111,Pensacola,Florida,FL,0.2601319298,53840,11,67877.83666,,0.0074,72699
394995,115,Port St. Lucie,Florida,FL,0.4008562734,246695,11,91284.42306,,0.0074,78137
395146,145,Tallahassee,Florida,FL,0.2630860969,203665,11,56122.49657,,0.0074,55931
394901,147,Naples,Florida,FL,0.3686043095,19987,11,110631.5879,,0.0074,140833
394927,149,Ocala,Florida,FL,0.324658952,68829,11,63420.62561,,0.0074,53520
394622,155,Gainesville,Florida,FL,0.3183111114,147524,11,62910.36757,,0.0074,45611
753875,176,Crestview,Florida,FL,0.2843289155,29453,11,77689.71697,,0.0074,69279
395009,237,Punta Gorda,Florida,FL,0.3362281867,20441,11,80437.64998,,0.0074,79291
394960,242,Panama City,Florida,FL,0.3126967466,35969,11,72621.05974,,0.0074,61125
395079,274,Sebastian,Florida,FL,0.3452410514,26953,11,83920.15285,,0.0074,68863
394685,289,Homosassa Springs,Florida,FL,0.3623494753,,11,64957.16795,,0.0074,60889
395153,329,The Villages,Florida,FL,0.2667774461,,11,66440.41873,,0.0074,76523
395080,390,Sebring,Florida,FL,0.3423595117,11621,11,58388.63722,,0.0074,42072
394347,9,Atlanta,Georgia,GA,0.2540930563,513184,5.15,73259.85765,,0.0077,81938
394352,96,Augusta,Georgia,GA,0.2388066416,201108,5.15,53454.47094,,0.0077,53134
395070,138,Savannah,Georgia,GA,0.2791774763,148333,5.15,69973.8778,,0.0077,56782
394488,158,Columbus,Georgia,GA,0.2654701993,201959,5.15,48368.93875,,0.0077,56622
394813,200,Macon,Georgia,GA,0.2333411128,156676,5.15,46471.27982,,0.0077,50747
394346,217,Athens,Georgia,GA,0.2805753035,129026,5.15,63006.6832,,0.0077,51655
394623,226,Gainesville,Georgia,GA,0.2595182081,47149,5.15,67371.52031,,0.0077,64636
395202,234,Warner Robins,Georgia,GA,0.2370126292,84645,5.15,59796.07764,,0.0077,65715
394306,295,Albany,Georgia,GA,0.2396375827,66871,5.15,42383.73257,,0.0077,45201
395182,300,Valdosta,Georgia,GA,0.2694082332,54989,5.15,49322.78963,,0.0077,45849
394515,305,Dalton,Georgia,GA,0.24708051,34655,5.15,54392.97083,,0.0077,61236
394423,360,Brunswick,Georgia,GA,0.2754054705,15431,5.15,63524.52946,,0.0077,34021
395038,401,Rome,Georgia,GA,0.2286674223,38411,5.15,47334.62565,,0.0077,51106
394682,449,Hinesville,Georgia,GA,0.3011740784,36331,5.15,60963.83618,,0.0077,59216
753924,55,Urban Honolulu,Hawaii,HI,0.3047282845,343531,12,104751.7864,,0.0032,85428
394731,267,Kahului,Hawaii,HI,0.4554062413,,12,127055.4051,,0.0032,92062
394399,79,Boise City,Idaho,ID,0.2489570278,236433,7.25,68482.77474,,0.0048,81308
394480,262,Coeur d'Alene,Idaho,ID,0.2847994082,56984,7.25,69734.06298,,0.0048,70845
394703,279,Idaho Falls,Idaho,ID,0.2110682885,68072,7.25,53345.748,,0.0048,69630
395173,361,Twin Falls,Idaho,ID,0.2587946601,55114,7.25,57002.6866,,0.0048,60760
394988,412,Pocatello,Idaho,ID,0.1781617667,58176,7.25,40674.50404,,0.0048,57931
394463,3,Chicago,Illinois,IL,0.2655652052,2699144,13,77081.29964,,0.0183,75134
394972,136,Peoria,Illinois,IL,0.1766161904,111195,13,40334.16873,,0.0183,58716
394520,144,Davenport,Illinois,IL,0.1648361928,,13,39152.00686,,0.0183,
395033,153,Rockford,Illinois,IL,0.1966801127,146799,13,43907.75409,,0.0183,53328
394454,209,Champaign,Illinois,IL,0.2132898043,90730,13,44146.63871,,0.0183,57544
395114,220,Springfield,Illinois,IL,0.1713571224,113003,13,41240.23656,,0.0183,65537
753869,255,Bloomington,Illinois,IL,0.1888506763,78952,13,48603.15103,,0.0183,75449
394442,321,Carbondale,Illinois,IL,0.1597581334,22102,13,28024.10163,,0.0183,29670
394734,370,Kankakee,Illinois,IL,0.2084589155,23571,13,46403.24474,,0.0183,45119
394524,378,Decatur,Illinois,IL,0.1889577648,68824,13,36718.19276,,0.0183,50809
394516,472,Danville,Illinois,IL,0.182248052,28161,13,28238.40679,,0.0183,44239
394705,34,Indianapolis,Indiana,IN,0.215274294,885839,7.25,55935.02546,,0.0077,62995
394612,132,Fort Wayne,Indiana,IN,0.1992908904,270408,7.25,44055.34183,,0.0077,60293
395107,159,South Bend,Indiana,IN,0.2327063926,103713,7.25,51070.68144,,0.0077,52512
394579,165,Evansville,Indiana,IN,0.1792618065,115421,7.25,38887.33755,,0.0077,52251
753895,208,Lafayette,Indiana,IN,0.2507191954,71926,7.25,51277.74411,,0.0077,52946
394565,223,Elkhart,Indiana,IN,0.1674434904,53673,7.25,37491.79343,,0.0077,47885
395151,235,Terre Haute,Indiana,IN,0.2066209477,58455,7.25,35120.02529,,0.0077,41960
394393,270,Bloomington,Indiana,IN,0.2993625805,80262,7.25,58542.81922,,0.0077,48918
394893,364,Muncie,Indiana,IN,0.1735868695,65145,7.25,31944.73899,,0.0077,43395
394857,365,Michigan City,Indiana,IN,0.2192919531,31630,7.25,45914.71296,,0.0077,52979
394755,438,Kokomo,Indiana,IN,0.1736929299,59899,7.25,35413.302,,0.0077,54195
394489,445,Columbus,Indiana,IN,0.1889330599,51682,7.25,51527.88032,,0.0077,76856
394531,84,Des Moines,Iowa,IA,0.1791310987,211088,7.25,49395.03943,,0.0123,63966
394447,179,Cedar Rapids,Iowa,IA,0.1612755932,136637,7.25,39543.7567,,0.0123,67859
394707,252,Iowa City,Iowa,IA,0.2050345791,76111,7.25,49138.86182,,0.0123,57533
395210,261,Waterloo,Iowa,IA,0.1661172996,66856,7.25,34529.37521,,0.0123,56344
395102,297,Sioux City,Iowa,IA,0.1734236403,86284,7.25,40880.69883,,0.0123,65473
394325,336,Ames,Iowa,IA,0.1604834556,68428,7.25,38519.3138,,0.0123,60102
394542,396,Dubuque,Iowa,IA,0.1485309761,58941,7.25,35597.16745,,0.0123,64985
395224,94,Wichita,Kansas,KS,0.187935107,397656,7.25,42246.43301,,0.0119,63072
395161,199,Topeka,Kansas,KS,0.2052098265,125354,7.25,44670.31852,,0.0119,76563
394821,320,Manhattan,Kansas,KS,0.2039139716,54016,7.25,42846.25213,,0.0119,58441
394778,349,Lawrence,Kansas,KS,0.2076159975,96708,7.25,46371.24231,,0.0119,62838
394807,46,Louisville,Kentucky,KY,0.2168985716,632162,7.25,49832.15184,,0.0073,64731
394792,110,Lexington,Kentucky,KY,0.2295198786,324624,7.25,53576.19938,,0.0073,67631
394406,248,Bowling Green,Kentucky,KY,0.2549507023,77069,7.25,51520.25618,,0.0073,48419
394563,281,Elizabethtown,Kentucky,KY,0.2279873347,33061,7.25,49333.59615,,0.0073,56250
394949,346,Owensboro,Kentucky,KY,0.2052662902,60394,7.25,42243.7004,,0.0073,53295
394953,399,Paducah,Kentucky,KY,,26761,7.25,,,0.0073,51243
394910,47,New Orleans,Louisiana,LA,0.3090488576,365167,7.25,62837.74572,,0.0055,55339
394367,66,Baton Rouge,Louisiana,LA,0.2455086278,220773,7.25,52824.70343,,0.0055,49944
394761,116,Lafayette,Louisiana,LA,0.2683435727,121767,7.25,51265.41564,,0.0055,61454
395096,141,Shreveport,Louisiana,LA,0.2728371942,178017,7.25,49927.37536,,0.0055,48465
394763,213,Lake Charles,Louisiana,LA,0.1845178653,79937,7.25,40056.57478,,0.0055,56864
394691,221,Houma,Louisiana,LA,0.250582142,31797,7.25,50214.54773,,0.0055,54637
394872,222,Monroe,Louisiana,LA,0.2194667322,46670,7.25,36778.91759,,0.0055,36521
394314,286,Alexandria,Louisiana,LA,0.2082341869,43551,7.25,36334.90184,,0.0055,47357
394661,325,Hammond,Louisiana,LA,0.2766562039,22515,7.25,50183.87871,,0.0055,41222
394997,105,Portland,Maine,ME,0.2838996712,69367,13.8,87172.31935,,0.0094,76174
394359,288,Bangor,Maine,ME,0.2548150547,32400,13.8,56344.12814,,0.0094,58096
394788,367,Lewiston,Maine,ME,0.2630975245,38709,13.8,55645.35895,,0.0094,56558
394358,20,Baltimore,Maryland,MD,0.2316566694,567517,13.25,72808.67193,,0.009,59623
394660,170,Hagerstown,Maryland,MD,0.2301449549,43637,13.25,57813.15539,,0.009,49957
753872,361,California,Maryland,MD,0.1929095951,,13.25,65724.76887,,0.009,112717
394513,409,Cumberland,Maryland,MD,0.1681137873,18730,13.25,32161.90351,,0.009,47819
394404,10,Boston,Massachusetts,MA,0.3070416082,664603,15,113302.0558,,0.0097,94755
395238,58,Worcester,Massachusetts,MA,0.2419433688,209211,15,75896.23129,,0.0097,67544
395115,85,Springfield,Massachusetts,MA,0.295037869,154220,15,65892.22371,,0.0097,51339
394361,202,Barnstable Town,Massachusetts,MA,0.3168894728,49958,15,94950.26878,,0.0097,97348
394983,326,Pittsfield,Massachusetts,MA,0.2330324039,43193,15,60185.43116,,0.0097,68386
394532,14,Detroit,Michigan,MI,0.2317273657,638914,10.1,56059.20551,,0.0115,39575
394640,53,Grand Rapids,Michigan,MI,0.2274860799,198270,10.1,59133.97292,,0.0115,65526
394770,107,Lansing,Michigan,MI,0.2173826138,113224,10.1,50728.65503,,0.0115,52170
394596,135,Flint,Michigan,MI,0.1957965402,79669,10.1,39175.64852,,0.0115,36194
394332,148,Ann Arbor,Michigan,MI,0.2820668326,122645,10.1,78748.70387,,0.0115,81089
394732,190,Kalamazoo,Michigan,MI,0.2096241192,73384,10.1,46949.88758,,0.0115,48965
395047,233,Saginaw,Michigan,MI,0.1879915441,43172,10.1,37135.48682,,0.0115,37298
394896,250,Muskegon,Michigan,MI,0.2143355912,37168,10.1,43716.45152,,0.0115,46342
394710,272,Jackson,Michigan,MI,0.1703060975,30930,10.1,35956.25261,,0.0115,42848
394917,282,Niles,Michigan,MI,0.2872069817,11691,10.1,59799.96055,,0.0115,47815
394873,283,Monroe,Michigan,MI,0.2029431199,20189,10.1,48375.99695,,0.0115,59532
395163,287,Traverse City,Michigan,MI,0.2965238351,15718,10.1,77185.0614,,0.0115,71731
394368,318,Battle Creek,Michigan,MI,0.2131890582,52264,10.1,40870.03605,,0.0115,51699
394369,380,Bay City,Michigan,MI,0.1982260968,32179,10.1,38767.48236,,0.0115,47904
394859,437,Midland,Michigan,MI,0.2178819164,42783,10.1,53054.88833,,0.0115,74906
394865,16,Minneapolis,Minnesota,MN,0.1999469733,426569,10.59,63384.88898,,0.0099,80269
394543,171,Duluth,Minnesota,MN,0.2019158887,87733,10.59,47255.64405,,0.0099,66263
395030,207,Rochester,Minnesota,MN,0.2151936982,122658,10.59,61125.15167,,0.0099,87767
395118,230,St. Cloud,Minnesota,MN,0.2001506069,71441,10.59,49346.67197,,0.0099,61112
394637,377,Grand Forks,Minnesota,MN,0.1634380119,8941,10.59,38970.34758,,0.0099,74618
394823,386,Mankato,Minnesota,MN,0.1786015478,46076,10.59,41085.33209,,0.0099,64826
394711,98,Jackson,Mississippi,MS,0.2760478333,143485,7.25,53916.06481,,0.0058,43238
394658,133,Gulfport,Mississippi,MS,0.2545486523,73095,7.25,51008.47714,,0.0058,46044
394671,255,Hattiesburg,Mississippi,MS,0.2652240293,48601,7.25,48921.49483,,0.0058,44140
395121,21,St. Louis,Missouri,MO,0.1986501912,282772,12,51800.26774,,0.0088,55279
394735,31,Kansas City,Missouri,MO,0.207224097,511300,12,55153.6501,,0.0088,67449
395116,118,Springfield,Missouri,MO,0.2180622002,170446,12,45736.13485,,0.0088,45984
394485,219,Columbia,Missouri,MO,0.1973610057,129780,12,45644.85395,,0.0088,64488
394729,243,Joplin,Missouri,MO,0.2266750143,53131,12,43741.11396,,0.0088,51154
394723,291,Jefferson City,Missouri,MO,0.1351019423,42573,12,30902.92182,,0.0088,67205
395120,343,St. Joseph,Missouri,MO,0.157323114,70853,12,32873.56988,,0.0088,55578
394441,405,Cape Girardeau,Missouri,MO,0.1552864684,40579,12,34386.16451,,0.0088,54870
394386,239,Billings,Montana,MT,0.2197846817,120797,9.95,51888.0637,,0.006,71855
394867,354,Missoula,Montana,MT,0.2347286763,77647,9.95,57369.75053,,0.006,65329
394407,356,Bozeman,Montana,MT,0.2879715732,57106,9.95,87483.91982,,0.006,79903
394644,433,Great Falls,Montana,MT,0.2106443256,60243,9.95,46635.80021,,0.006,63934
394675,441,Helena,Montana,MT,0.2266845633,34369,9.95,58438.72862,,0.006,69341
394938,59,Omaha,Nebraska,NE,0.193435559,486780,10.5,52472.88678,,0.0143,72708
394796,154,Lincoln,Nebraska,NE,0.1973899786,296810,10.5,46825.22411,,0.0143,69991
394638,462,Grand Island,Nebraska,NE,,53000,10.5,,,0.0143,62439
394775,30,Las Vegas,Nevada,NV,0.2761218873,666630,9.5,69071.92637,,0.0049,70723
395019,113,Reno,Nevada,NV,0.2639860126,276078,9.5,73695.04082,,0.0049,78448
394444,551,Carson City,Nevada,NV,0.3101182689,58226,9.5,75522.181,,0.0049,71809
394820,131,Manchester,New Hampshire,NH,0.2327672583,115692,7.25,80475.77423,,0.0141,77415
395164,142,Trenton,New Jersey,NJ,0.2965357238,90383,14.13,95053.93257,,0.0177,47102
394348,180,Atlantic City,New Jersey,NJ,0.2572818207,38701,14.13,68686.75661,,0.0177,36220
395193,278,Vineland,New Jersey,NJ,0.2892962945,61212,14.13,63803.01687,,0.0177,65854
394928,410,Ocean City,New Jersey,NJ,,11244,14.13,,,0.0177,101782
394312,62,Albuquerque,New Mexico,NM,0.2627439648,561094,12,59243.04862,,0.0061,65604
394773,214,Las Cruces,New Mexico,NM,0.2846408741,115489,12,53564.86969,,0.0061,55176
395066,284,Santa Fe,New Mexico,NM,0.2948949757,89506,12,77396.97197,,0.0061,70110
394588,342,Farmington,New Mexico,NM,0.2249609274,46307,12,43212.57414,,0.0061,63745
394913,1,New York,New York,NY,0.4125964659,8390888,14.2,130954.7869,,0.0126,79713
394425,50,Buffalo,New York,NY,0.2185629851,276376,14.2,50898.32852,,0.0126,48050
395031,52,Rochester,New York,NY,0.2205935737,207235,14.2,53897.73349,,0.0126,46628
394308,64,Albany,New York,NY,0.2137692766,101297,14.2,58724.8988,,0.0126,59485
395143,91,Syracuse,New York,NY,0.2337910662,146067,14.2,57097.41464,,0.0126,45845
395179,169,Utica,New York,NY,0.2557331596,63676,14.2,52678.77419,,0.0126,51513
394387,195,Binghamton,New York,NY,0.2750122947,46765,14.2,58708.22299,,0.0126,44331
394748,241,Kingston,New York,NY,0.2657294896,23816,14.2,76048.33348,,0.0126,65413
394633,331,Glens Falls,New York,NY,,14542,14.2,,,0.0126,70089
395213,351,Watertown,New York,NY,0.2539903883,24196,14.2,52077.39137,,0.0126,49692
394709,376,Ithaca,New York,NY,0.3549130777,33630,14.2,79553.16929,,0.0126,48617
394568,432,Elmira,New York,NY,,26176,14.2,,,0.0126,43089
394458,23,Charlotte,North Carolina,NC,0.2560437117,920053,7.25,69348.11832,,0.0062,78438
395012,43,Raleigh,North Carolina,NC,0.2148776445,491078,7.25,68821.7477,,0.0062,82424
394648,76,Greensboro,North Carolina,NC,0.2571360589,303889,7.25,54239.91372,,0.0062,58884
395235,89,Winston,North Carolina,NC,0.2735173339,253332,7.25,58720.81553,,0.0062,57673
394549,95,Durham,North Carolina,NC,0.2366921329,296382,7.25,65699.85186,,0.0062,79234
394589,109,Fayetteville,North Carolina,NC,0.2764923182,209873,7.25,56417.84357,,0.0062,56395
394338,121,Asheville,North Carolina,NC,0.3104172667,95235,7.25,70191.65812,,0.0062,67221
394679,150,Hickory,North Carolina,NC,0.2933713047,44560,7.25,56880.39004,,0.0062,63361
395229,174,Wilmington,North Carolina,NC,0.2708001246,123599,7.25,69403.29959,,0.0062,63900
394716,227,Jacksonville,North Carolina,NC,0.2525632159,71126,7.25,56899.1343,,0.0062,54069
394651,259,Greenville,North Carolina,NC,0.2838217045,93793,7.25,56706.42134,,0.0062,50564
394428,260,Burlington,North Carolina,NC,0.244097948,60350,7.25,53402.79431,,0.0062,54941
395036,303,Rocky Mount,North Carolina,NC,0.2055332945,54388,7.25,42049.26078,,0.0062,52927
394905,341,New Bern,North Carolina,NC,0.2632509643,33789,7.25,55774.81739,,0.0062,56893
394635,350,Goldsboro,North Carolina,NC,0.272727343,34505,7.25,50420.26487,,0.0062,47005
753912,398,Pinehurst,North Carolina,NC,0.2756797624,18477,7.25,71729.35508,,0.0062,104955
394585,194,Fargo,North Dakota,ND,0.1750298864,134360,7.25,42527.18338,,0.0094,66029
394390,324,Bismarck,North Dakota,ND,0.1831005864,76389,7.25,50929.37652,,0.0094,77608
394866,458,Minot,North Dakota,ND,0.1627000794,47420,7.25,39079.71267,,0.0094,77431
394466,28,Cincinnati,Ohio,OH,0.2169957965,312703,10.1,56309.06731,,0.0131,51707
394492,32,Columbus,Ohio,OH,0.2226392146,920569,10.1,57436.69004,,0.0131,65327
394475,35,Cleveland,Ohio,OH,0.2262562633,364276,10.1,51127.62236,,0.0131,39187
845158,74,Dayton,Ohio,OH,0.2211808182,135936,10.1,49452.63517,,0.0131,43454
394304,83,Akron,Ohio,OH,0.2061164982,189142,10.1,48182.44711,,0.0131,48544
395160,93,Toledo,Ohio,OH,0.2079974852,265798,10.1,43730.90831,,0.0131,47532
395245,106,Youngstown,Ohio,OH,0.2100853851,59195,10.1,35953.87207,,0.0131,34746
394439,137,Canton,Ohio,OH,0.188127096,69230,10.1,39994.05332,,0.0131,39754
394697,151,Huntington,Ohio,OH,0.2021522186,,10.1,38958.6642,,0.0131,
395221,309,Wheeling,Ohio,OH,0.1745374355,,10.1,34428.11763,,0.0131,
395117,316,Springfield,Ohio,OH,0.1884606549,58041,10.1,36371.74011,,0.0131,45883
394824,337,Mansfield,Ohio,OH,0.1683728789,47676,10.1,32006.69163,,0.0131,42605
395217,353,Weirton,Ohio,OH,0.1689678332,,10.1,30090.55373,,0.0131,
394794,387,Lima,Ohio,OH,,34745,10.1,,,0.0131,43370
395062,469,Sandusky,Ohio,OH,,24322,10.1,,,0.0131,47827
394935,42,Oklahoma City,Oklahoma,OK,0.2202565348,704567,7.25,51317.64795,,0.0077,66702
395169,56,Tulsa,Oklahoma,OK,0.2361764912,414035,7.25,51616.25215,,0.0077,58407
394780,332,Lawton,Oklahoma,OK,0.2096935205,90451,7.25,39618.50676,,0.0077,53588
394570,523,Enid,Oklahoma,OK,0.1833586541,50582,7.25,38606.01085,,0.0077,63472
394998,25,Portland,Oregon,OR,0.228822247,634314,13.5,72383.69166,,0.0078,88792
395048,126,Salem,Oregon,OR,0.2546972638,179519,13.5,63289.98302,,0.0078,71900
394576,146,Eugene,Oregon,OR,0.2885473416,178686,13.5,67673.78258,,0.0078,63836
394848,210,Medford,Oregon,OR,0.2836772463,85667,13.5,67767.20901,,0.0078,70497
394380,232,Bend,Oregon,OR,0.290399527,104707,13.5,88688.44128,,0.0078,88792
394307,330,Albany,Oregon,OR,0.2618275217,56974,13.5,61569.15338,,0.0078,73809
394505,411,Corvallis,Oregon,OR,0.2803398329,61627,13.5,68262.58226,,0.0078,63807
394641,422,Grants Pass,Oregon,OR,0.3062221994,39325,13.5,65481.11821,,0.0078,56877
394974,7,Philadelphia,Pennsylvania,PA,0.2432089352,1563349,7.25,70425.25423,,0.0119,60698
394982,27,Pittsburgh,Pennsylvania,PA,0.2249114209,304766,7.25,54379.20574,,0.0119,64137
394318,70,Allentown,Pennsylvania,PA,0.2499254294,125919,7.25,67612.25485,,0.0119,53403
394666,99,Harrisburg,Pennsylvania,PA,0.2117322191,50292,7.25,54176.0913,,0.0119,47783
395075,101,Scranton,Pennsylvania,PA,0.2411001613,75940,7.25,47271.22092,,0.0119,49531
394768,104,Lancaster,Pennsylvania,PA,0.2030837576,57304,7.25,54197.95003,,0.0119,63421
395244,122,York,Pennsylvania,PA,0.1826374976,45009,7.25,49536.40342,,0.0119,47115
395015,128,Reading,Pennsylvania,PA,0.2075296329,95353,7.25,52353.30614,,0.0119,45599
394572,184,Erie,Pennsylvania,PA,0.1941706888,93236,7.25,39264.64621,,0.0119,43397
394553,263,East Stroudsburg,Pennsylvania,PA,0.2954195234,9461,7.25,69958.72348,,0.0119,61792
395125,273,State College,Pennsylvania,PA,0.282600763,41267,7.25,65095.34041,,0.0119,47132
394453,277,Chambersburg,Pennsylvania,PA,0.1769908151,22315,7.25,44767.73882,,0.0119,56177
394783,306,Lebanon,Pennsylvania,PA,0.1819227037,26421,7.25,47797.00269,,0.0119,47439
394727,322,Johnstown,Pennsylvania,PA,0.1723432966,17959,7.25,32026.45333,,0.0119,34784
394321,340,Altoona,Pennsylvania,PA,0.1879429165,42852,7.25,33679.39824,,0.0119,50171
395225,359,Williamsport,Pennsylvania,PA,0.1887239157,27671,7.25,39098.40933,,0.0119,49363
394630,382,Gettysburg,Pennsylvania,PA,0.1810228701,8607,7.25,46303.85038,,0.0119,52656
394395,439,Bloomsburg,Pennsylvania,PA,0.1988762326,13271,7.25,43819.73892,,0.0119,49096
395005,39,Providence,Rhode Island,RI,0.2796118518,192606,13,77675.80427,,0.0105,66772
394653,61,Greenville,South Carolina,SC,0.2568654372,73368,7.25,59434.23327,,0.0047,68460
394486,72,Columbia,South Carolina,SC,0.2588751067,142173,7.25,57982.69288,,0.0047,59038
394457,75,Charleston,South Carolina,SC,0.2701571223,156263,7.25,76692.5439,,0.0047,90038
394898,117,Myrtle Beach,South Carolina,SC,0.292984952,39779,7.25,67346.91089,,0.0047,53679
395109,160,Spartanburg,South Carolina,SC,0.2663534615,39280,7.25,54334.69936,,0.0047,51193
394681,216,Hilton Head Island,South Carolina,SC,0.3078851004,38163,7.25,82803.1658,,0.0047,96715
394597,228,Florence,South Carolina,SC,0.2993762431,40675,7.25,49870.37703,,0.0047,69531
395139,314,Sumter,South Carolina,SC,0.2808199916,42877,7.25,52406.07541,,0.0047,53071
395103,182,Sioux Falls,South Dakota,SD,0.1944863255,205968,10.8,49413.58325,,0.0099,74714
395013,313,Rapid City,South Dakota,SD,0.2078228875,79376,10.8,53447.49106,,0.0099,65712
394902,37,Nashville,Tennessee,TN,0.2564853368,694294,7.25,72382.93391,,0.0049,75197
394849,44,Memphis,Tennessee,TN,0.2627771003,614587,7.25,56079.21548,,0.0049,51211
394753,65,Knoxville,Tennessee,TN,0.2819297425,197463,7.25,65669.60496,,0.0049,50994
394460,102,Chattanooga,Tennessee,TN,0.2524456879,188080,7.25,57793.72056,,0.0049,61028
394471,163,Clarksville,Tennessee,TN,0.2318587088,181142,7.25,51834.81433,,0.0049,66786
394747,167,Kingsport,Tennessee,TN,0.2699287335,56761,7.25,48403.3959,,0.0049,50436
394726,224,Johnson City,Tennessee,TN,0.2726815455,73447,7.25,51670.70605,,0.0049,55429
394712,246,Jackson,Tennessee,TN,0.2458803455,68391,7.25,48798.38814,,0.0049,51552
394880,307,Morristown,Tennessee,TN,0.2933096542,32222,7.25,57102.86773,,0.0049,44811
394474,334,Cleveland,Tennessee,TN,0.2705023189,49328,7.25,55032.85535,,0.0049,55904
394514,4,Dallas,Texas,TX,0.2380278258,1317163,7.25,68911.14436,,0.0136,67760
394692,5,Houston,Texas,TX,0.247132188,2346908,7.25,65459.13976,,0.0136,62894
395055,24,San Antonio,Texas,TX,0.245261173,1502711,7.25,59837.06791,,0.0136,62917
394355,29,Austin,Texas,TX,0.2155354347,989583,7.25,70760.33236,,0.0136,91461
394843,67,McAllen,Texas,TX,0.2525582063,147264,7.25,45165.42415,,0.0136,60165
394561,69,El Paso,Texas,TX,0.2964601558,681573,7.25,58336.50864,,0.0136,58734
394746,120,Killeen,Texas,TX,0.2254522789,159953,7.25,53349.49494,,0.0136,58339
394502,129,Corpus Christi,Texas,TX,0.2607159385,316978,7.25,54315.63178,,0.0136,66325
394421,130,Brownsville,Texas,TX,0.3167154822,190572,7.25,55119.3611,,0.0136,48675
394372,140,Beaumont,Texas,TX,0.219394163,112616,7.25,45997.6673,,0.0136,57530
394808,162,Lubbock,Texas,TX,0.2744009503,268053,7.25,52216.927,,0.0136,60487
394803,173,Longview,Texas,TX,0.2111108284,83521,7.25,45006.11789,,0.0136,62488
395197,178,Waco,Texas,TX,0.2844600009,144943,7.25,59493.32609,,0.0136,51468
394323,186,Amarillo,Texas,TX,0.2214227466,202734,7.25,47234.17784,,0.0136,62469
394772,187,Laredo,Texas,TX,0.2401080308,258922,7.25,48192.50057,,0.0136,63264
394483,189,College Station,Texas,TX,0.3018371782,126838,7.25,55008.04889,,0.0136,51776
395174,201,Tyler,Texas,TX,0.2309462389,110731,7.25,55658.9797,,0.0136,65527
394299,251,Abilene,Texas,TX,0.2598704396,129443,7.25,53068.36011,,0.0136,62720
394860,254,Midland,Texas,TX,0.205949667,139488,7.25,63802.1278,,0.0136,91169
394930,271,Odessa,Texas,TX,0.2662565924,116402,7.25,59123.97595,,0.0136,73030
395223,298,Wichita Falls,Texas,TX,0.2292038864,102633,7.25,48519.96826,,0.0136,58568
395152,299,Texarkana,Texas,TX,0.2382596093,35757,7.25,40273.75184,,0.0136,49240
395094,319,Sherman,Texas,TX,0.2594223765,47452,7.25,59686.82772,,0.0136,60935
395054,344,San Angelo,Texas,TX,0.2720649311,99513,7.25,51288.80036,,0.0136,64146
395190,400,Victoria,Texas,TX,0.202202654,65920,7.25,46830.12206,,0.0136,68233
394551,552,Eagle Pass,Texas,TX,,28463,7.25,,,0.0136,54952
395053,48,Salt Lake City,Utah,UT,0.2096731431,211833,7.25,65974.47565,,0.0047,74925
394931,87,Ogden,Utah,UT,0.1948115705,87525,7.25,65223.84006,,0.0047,70053
395006,92,Provo,Utah,UT,0.2110644155,114276,7.25,70902.16496,,0.0047,62800
395119,249,St. George,Utah,UT,0.2741497495,104732,7.25,70784.6927,,0.0047,72870
394800,301,Logan,Utah,UT,0.1966491029,55588,7.25,55749.3235,,0.0047,56764
394429,206,Burlington,Vermont,VT,0.2629385888,44666,13.18,83694.14407,,0.0142,68854
395209,6,Washington,Virginia,VA,0.2266306984,84,12,91764.9224,,0.0077,
395194,38,Virginia Beach,Virginia,VA,0.2523994576,453779,12,66738.29827,,0.0077,90685
395022,45,Richmond,Virginia,VA,0.2233639381,230383,12,62785.5116,,0.0077,62671
395028,164,Roanoke,Virginia,VA,0.2366788138,97503,12,51709.74826,,0.0077,52671
394811,191,Lynchburg,Virginia,VA,0.2238131425,79775,12,50018.04184,,0.0077,59808
394459,212,Charlottesville,Virginia,VA,0.2403720764,45047,12,73921.75095,,0.0077,69829
394392,265,Blacksburg,Virginia,VA,0.2878987451,45663,12,58841.85283,,0.0077,48070
395232,308,Winchester,Virginia,VA,0.2499403762,27754,12,67711.96544,,0.0077,64648
394668,317,Harrisonburg,Virginia,VA,0.243433374,51378,12,61874.62156,,0.0077,59752
395128,338,Staunton,Virginia,VA,0.254973163,25936,12,53787.267,,0.0077,62586
395078,15,Seattle,Washington,WA,0.2312879853,764182,15.74,85374.20801,,0.0075,121984
395113,100,Spokane,Washington,WA,0.2384736575,230193,15.74,57874.01838,,0.0075,65745
394741,168,Kennewick,Washington,WA,0.2488047551,85915,15.74,68881.82319,,0.0075,72867
394937,172,Olympia,Washington,WA,0.2560564383,55907,15.74,79518.30758,,0.0075,76930
394412,181,Bremerton,Washington,WA,0.2258162669,44827,15.74,74969.53376,,0.0075,74399
395240,193,Yakima,Washington,WA,0.2299004437,96904,15.74,53274.94365,,0.0075,59228
394378,205,Bellingham,Washington,WA,0.296562469,95026,15.74,74024.67424,,0.0075,65821
394890,327,Mount Vernon,Washington,WA,0.2730257334,35294,15.74,82961.73305,,0.0075,73277
395218,345,Wenatchee,Washington,WA,0.285519921,35328,15.74,70049.77094,,0.0075,70000
394804,368,Longview,Washington,WA,0.2159354135,38172,15.74,51075.0142,,0.0075,60844
395199,525,Walla Walla,Washington,WA,0.2256185731,33749,15.74,54751.11076,,0.0075,65493
394455,192,Charleston,West Virginia,WV,0.2132059691,46787,8.75,39384.03475,,0.0048,64512
394879,310,Morgantown,West Virginia,WV,0.2789323262,30315,8.75,54901.50993,,0.0048,42245
394374,358,Beckley,West Virginia,WV,,16608,8.75,,,0.0048,39939
394964,419,Parkersburg,West Virginia,WV,0.176590173,28991,8.75,32274.99069,,0.0048,44675
394862,41,Milwaukee,Wisconsin,WI,0.2100156488,563052,7.25,53909.18051,,0.0125,51888
394816,88,Madison,Wisconsin,WI,0.216902129,281162,7.25,59385.79528,,0.0125,76983
394646,157,Green Bay,Wisconsin,WI,0.1588196506,106210,7.25,40328.16733,,0.0125,62546
394334,197,Appleton,Wisconsin,WI,0.1549338191,75102,7.25,43366.17417,,0.0125,77450
395011,231,Racine,Wisconsin,WI,0.2028166211,77379,7.25,50017.51109,,0.0125,55705
394944,257,Oshkosh,Wisconsin,WI,0.1814057461,66866,7.25,42305.42533,,0.0125,61929
394555,258,Eau Claire,Wisconsin,WI,0.158169132,71469,7.25,39631.53191,,0.0125,65369
395215,266,Wausau,Wisconsin,WI,0.1429978894,40148,7.25,35340.63998,,0.0125,61877
394720,268,Janesville,Wisconsin,WI,0.1732350521,66130,7.25,42414.38674,,0.0125,71664
394756,311,La Crosse,Wisconsin,WI,0.1772103504,51283,7.25,42124.53685,,0.0125,53803
395089,352,Sheboygan,Wisconsin,WI,0.17305975,49614,7.25,42051.68461,,0.0125,62953
394599,381,Fond du Lac,Wisconsin,WI,0.1571134876,44381,7.25,37335.63819,,0.0125,61620
394462,391,Cheyenne,Wyoming,WY,0.1950650687,65287,7.25,48837.50061,,0.0055,77176
394445,454,Casper,Wyoming,WY,0.214590089,58748,7.25,52367.43235,,0.0055,69171